Accessions,strain,date,date_released,date_updated,region,country,location,length,host,is_lab_host,sra_accessions,authors,full_authors,institution,submitter_country,sample_type,url,accession_base,country_clean,host_clean,year,sample_type_clean,analysis_note,exact_duplicate_of,keep_for_main_country_tree
AF212302,,XXXX-XX-XX,2000-06-01,2001-12-10,,unknown,,18246,,False,,Chua et al.,"Chua,K.B.,Bellini,W.J.,Rota,P.A.,Harcourt,B.H.,Tamin,A.,Lam,S.K.,Ksiazek,T.G.,Rollin,P.E.,Zaki,S.R.,Shieh,W.,Goldsmith,C.S.,Gubler,D.J.,Roehrig,J.T.,Eaton,B.,Gould,A.R.,Olson,J.,Field,H.,Daniels,P.,Ling,A.E.,Peters,C.J.,Anderson,L.J.,Mahy,B.W.,Halpin,K.","Centers for Disease Control and Prevention, Measles Virus Section",USA,,https://www.ncbi.nlm.nih.gov/nuccore/AF212302,AF212302,Unknown,Unknown,,Unknown,,exact_duplicate_of_NC_002728,False
AJ564621,NV/MY/99/VRI-2794,XXXX-XX-XX,2004-01-05,2023-07-14,,unknown,,18246,,False,,AbuBakar et al.,"AbuBakar,S.,Chang,L.Y.,Ali,A.R.,Sharifah,S.H.,Yusoff,K.,Zamrod,Z.,Abubakar,S.","Abubakar S., Medical Microbiology, University Malaya, Faculty Of Medicine, 50603 Kuala Lumpur",Malaysia,,https://www.ncbi.nlm.nih.gov/nuccore/AJ564621,AJ564621,Malaysia,Unknown,,Unknown,,,True
AJ564622,NV/MY/99/VRI-1413,XXXX-XX-XX,2004-01-05,2023-07-14,,unknown,,18246,,False,,AbuBakar et al.,"AbuBakar,S.,Chang,L.Y.,Ali,A.R.,Sharifah,S.H.,Yusoff,K.,Zamrod,Z.,Abubakar,S.","Abubakar S., Medical Microbiology, University Malaya, Faculty Of Medicine, 50603 Kuala Lumpur",Malaysia,,https://www.ncbi.nlm.nih.gov/nuccore/AJ564622,AJ564622,Malaysia,Unknown,,Unknown,,,True
AJ564623,NV/MY/99/UM-0128,XXXX-XX-XX,2004-01-05,2023-07-14,,unknown,,18246,,False,,AbuBakar et al.,"AbuBakar,S.,Chang,L.Y.,Ali,A.R.,Sharifah,S.H.,Yusoff,K.,Zamrod,Z.,Abubakar,S.","Abubakar S., Medical Microbiology, University Malaya, Faculty Of Medicine, 50603 Kuala Lumpur",Malaysia,,https://www.ncbi.nlm.nih.gov/nuccore/AJ564623,AJ564623,Malaysia,Unknown,,Unknown,,,True
AJ627196,NV/MY/99/VRI-0626,XXXX-XX-XX,2005-01-07,2005-04-15,Asia,Malaysia,,18246,Sus scrofa,False,,AbuBakar et al.,"AbuBakar,S.,Li-Yen,C.,Mohd Ali,A.R.,Sharifah,S.H.,Abubakar,S.","Abubakar S., Medical Microbiology, University Malaya, Faculty of Medicine, 50603 Kuala Lumpur",Malaysia,,https://www.ncbi.nlm.nih.gov/nuccore/AJ627196,AJ627196,Malaysia,Pig,,Unknown,,,True
AY029767,UMMC1,XXXX-XX-XX,2001-09-07,1900-01-01,Asia,Malaysia,,18246,,False,,Chan et al.,"Chan,Y.P.,Chua,K.B.,Koh,C.L.,Lim,M.E.,Lam,S.K.","University of Malaya, Department of Medical Microbiology",Malaysia,,https://www.ncbi.nlm.nih.gov/nuccore/AY029767,AY029767,Malaysia,Unknown,,Unknown,,,True
AY029768,UMMC2,XXXX-XX-XX,2001-09-07,1900-01-01,Asia,Malaysia,,18246,,False,,Chan et al.,"Chan,Y.P.,Chua,K.B.,Koh,C.L.,Lim,M.E.,Lam,S.K.","University of Malaya, Department of Medical Microbiology",Malaysia,,https://www.ncbi.nlm.nih.gov/nuccore/AY029768,AY029768,Malaysia,Unknown,,Unknown,,,True
AY988601,,2004-XX-XX,2005-06-01,2005-09-26,Asia,Bangladesh,,18252,Homo sapiens,False,,Harcourt et al.,"Harcourt,B.H.,Lowe,L.,Tamin,A.,Liu,X.,Bankamp,B.,Bowden,N.,Rollin,P.E.,Comer,J.A.,Ksiazek,T.G.,Hossain,M.J.,Gurley,E.S.,Breiman,R.F.,Bellini,W.J.,Rota,P.A.,Hossain,J.","Centers for Disease Control and Prevention, Division of Viral and Rickettsial Diseases",USA,,https://www.ncbi.nlm.nih.gov/nuccore/AY988601,AY988601,Bangladesh,Human,2004,Unknown,,,True
FJ513078,Ind-Nipah-07-FG,2007-XX-XX,2009-12-31,2011-05-02,Asia,India,,18252,Homo sapiens,False,,Arankalle et al.,"Arankalle,V.A.,Bandyopadhyay,B.T.,Ramdasi,A.Y.,Jadi,R.,Patil,D.R.,Rahman,M.,Majumdar,M.,Banerjee,P.S.,Hati,A.K.,Goswami,R.P.,Neogi,D.K.,Mishra,A.C.","National Institute of Virology, Hepatitis",India,lung,https://www.ncbi.nlm.nih.gov/nuccore/FJ513078,FJ513078,India,Human,2007,lung,,,True
JN808857,NIVBGD2008MANIKGONJ,2008-XX-XX,2012-02-04,2012-02-04,Asia,Bangladesh,,18252,Homo sapiens,False,,Lo et al.,"Lo,M.K.,Lowe,L.,Hummel,K.B.,Sazzad,H.M.,Gurley,E.S.,Hossain,M.J.,Luby,S.P.,Miller,D.M.,Comer,J.A.,Rollin,P.E.,Bellini,W.J.,Rota,P.A.,Sazzad,H.M.S.","Centers for Disease Control and Prevention, Viral Special Pathogens Branch",USA,oronasopharynx,https://www.ncbi.nlm.nih.gov/nuccore/JN808857,JN808857,Bangladesh,Human,2008,oronasopharynx,,,True
JN808863,NIVBGD2008RAJBARI,2008-XX-XX,2012-02-04,2012-02-04,Asia,Bangladesh,Rajbari,18252,Homo sapiens,False,,Lo et al.,"Lo,M.K.,Lowe,L.,Hummel,K.B.,Sazzad,H.M.,Gurley,E.S.,Hossain,M.J.,Luby,S.P.,Miller,D.M.,Comer,J.A.,Rollin,P.E.,Bellini,W.J.,Rota,P.A.,Sazzad,H.M.S.","Centers for Disease Control and Prevention, Viral Special Pathogens Branch",USA,oronasopharynx,https://www.ncbi.nlm.nih.gov/nuccore/JN808863,JN808863,Bangladesh,Human,2008,oronasopharynx,,exact_duplicate_of_JN808857,False
JN808864,NIVBGD2010FARIDPUR,2010-XX-XX,2012-02-04,2012-02-04,Asia,Bangladesh,Faridpur,18167,Homo sapiens,False,,Lo et al.,"Lo,M.K.,Lowe,L.,Hummel,K.B.,Sazzad,H.M.,Gurley,E.S.,Hossain,M.J.,Luby,S.P.,Miller,D.M.,Comer,J.A.,Rollin,P.E.,Bellini,W.J.,Rota,P.A.,Sazzad,H.M.S.","Centers for Disease Control and Prevention, Viral Special Pathogens Branch",USA,oronasopharynx,https://www.ncbi.nlm.nih.gov/nuccore/JN808864,JN808864,Bangladesh,Human,2010,oronasopharynx,,,True
KY425646,IRF0160,1999-XX-XX,2017-01-15,2017-01-15,Asia,Malaysia,,18212,Homo sapiens,True,,Johnson et al.,"Johnson,J.C.,Sword,J.M.,Wohl,S.,Barnes,K.G.,Sabeti,P.C.,Hensley,L.E.,Olinger,G.,Jahrling,P.B.,Honko,A.N.","National Institute of Allergy and Infectious Diseases, National Institutes of Health, Integrated Research Facility - Frederick",USA,,https://www.ncbi.nlm.nih.gov/nuccore/KY425646,KY425646,Malaysia,Human,1999,Unknown,,,True
KY425655,IRF0158,1999-XX-XX,2017-01-15,2017-01-15,Asia,Malaysia,,18214,Homo sapiens,True,,Honko et al.,"Honko,A.N.,Hensley,L.E.,Wohl,S.,Barnes,K.G.,Sabeti,P.C.,Olinger,G.,Jahrling,P.B.,Sword,J.M.","National Institute of Allergy and Infectious Diseases, National Institutes of Health, Integrated Research Facility - Frederick",USA,,https://www.ncbi.nlm.nih.gov/nuccore/KY425655,KY425655,Malaysia,Human,1999,Unknown,,,True
MH396625,MCL-18-H-1088,5/17/2018,2018-11-01,2018-11-01,Asia,India,Kerala State,18210,Homo sapiens,False,,Yadav et al.,"Yadav,P.D.","National Institute of Virology, Maximum Containment Laboratory",India,oronasopharynx,https://www.ncbi.nlm.nih.gov/nuccore/MH396625,MH396625,India,Human,2018,oronasopharynx,,,True
MH523640,MCL-18-H-1197,5/17/2018,2019-04-01,2019-04-01,Asia,India,Kerala State,18132,Homo sapiens,False,,Yadav et al.,"Yadav,P.D.","National Institute of Virology, Maximum Containment Laboratory",India,lung,https://www.ncbi.nlm.nih.gov/nuccore/MH523640,MH523640,India,Human,2018,lung,,,True
MH523641,MCL-18-H-1209,5/21/2018,2019-04-01,2019-04-01,Asia,India,Kerala State,18027,Homo sapiens,False,,Yadav et al.,"Yadav,P.D.","National Institute of Virology, Maximum Containment Laboratory",India,oronasopharynx,https://www.ncbi.nlm.nih.gov/nuccore/MH523641,MH523641,India,Human,2018,oronasopharynx,,,True
MH523642,MCL-18-H-1088,5/17/2018,2019-04-01,2019-04-01,Asia,India,Kerala State,18242,Homo sapiens,True,,Yadav et al.,"Yadav,P.D.","National Institute of Virology, Maximum Containment Laboratory",India,oronasopharynx,https://www.ncbi.nlm.nih.gov/nuccore/MH523642,MH523642,India,Human,2018,oronasopharynx,,,True
MK336155,NIV1854542,5/17/2018,2020-06-30,2020-06-30,Asia,India,Kerala State,18211,Homo sapiens,True,,Yadav et al.,"Yadav,P.","National Institute of Virology, Maximum Containment Laboratory",India,oronasopharynx,https://www.ncbi.nlm.nih.gov/nuccore/MK336155,MK336155,India,Human,2018,oronasopharynx,,,True
MK336156,NIV1854542,5/17/2018,2020-06-30,2020-06-30,Asia,India,Kerala State,18233,Homo sapiens,True,,Yadav et al.,"Yadav,P.","National Institute of Virology, Maximum Containment Laboratory",India,oronasopharynx,https://www.ncbi.nlm.nih.gov/nuccore/MK336156,MK336156,India,Human,2018,oronasopharynx,,,True
MK575060,NiV/BD/P.medius/EHA/2013/Raypur1401,4/11/2013,2019-06-12,2019-06-12,Asia,Bangladesh,Maniganj,18234,Pteropus medius,False,,Anderson et al.,"Anderson,D.E.,Islam,A.,Crameri,G.,Todd,S.,Khan,S.U.,Foord,A.,Rahman,M.Z.,Mendenhall,I.H.,Luby,S.P.,Gurley,E.S.,Daszak,P.,Epstein,J.H.,Wang,L.F.,Wang,L.-F.","Duke-NUS, Program of Emerging Infectious Diseases",Singapore,urine,https://www.ncbi.nlm.nih.gov/nuccore/MK575060,MK575060,Bangladesh,Bat,2013,urine,,,True
MK575061,NiV/BD/P.medius/EHA/2013/Raypur1402,4/11/2013,2019-06-12,2019-06-12,Asia,Bangladesh,Maniganj,18234,Pteropus medius,False,,Anderson et al.,"Anderson,D.E.,Islam,A.,Crameri,G.,Todd,S.,Khan,S.U.,Foord,A.,Rahman,M.Z.,Mendenhall,I.H.,Luby,S.P.,Gurley,E.S.,Daszak,P.,Epstein,J.H.,Wang,L.F.,Wang,L.-F.","Duke-NUS, Program of Emerging Infectious Diseases",Singapore,urine,https://www.ncbi.nlm.nih.gov/nuccore/MK575061,MK575061,Bangladesh,Bat,2013,urine,,,True
MK575062,NiV/BD/P.medius/EHA/2013/Raypur1403,4/11/2013,2019-06-12,2019-06-12,Asia,Bangladesh,Maniganj,18234,Pteropus medius,False,,Anderson et al.,"Anderson,D.E.,Islam,A.,Crameri,G.,Todd,S.,Khan,S.U.,Foord,A.,Rahman,M.Z.,Mendenhall,I.H.,Luby,S.P.,Gurley,E.S.,Daszak,P.,Epstein,J.H.,Wang,L.F.,Wang,L.-F.","Duke-NUS, Program of Emerging Infectious Diseases",Singapore,urine,https://www.ncbi.nlm.nih.gov/nuccore/MK575062,MK575062,Bangladesh,Bat,2013,urine,,,True
MK575063,NiV/BD/P.medius/EHA/2013/Raypur1404,4/11/2013,2019-06-12,2019-06-12,Asia,Bangladesh,Maniganj,18227,Pteropus medius,False,,Anderson et al.,"Anderson,D.E.,Islam,A.,Crameri,G.,Todd,S.,Khan,S.U.,Foord,A.,Rahman,M.Z.,Mendenhall,I.H.,Luby,S.P.,Gurley,E.S.,Daszak,P.,Epstein,J.H.,Wang,L.F.,Wang,L.-F.","Duke-NUS, Program of Emerging Infectious Diseases",Singapore,urine,https://www.ncbi.nlm.nih.gov/nuccore/MK575063,MK575063,Bangladesh,Bat,2013,urine,,,True
MK575064,NiV/BD/P.medius/EHA/2013/Raypur1405,4/11/2013,2019-06-12,2019-06-12,Asia,Bangladesh,Maniganj,18234,Pteropus medius,False,,Anderson et al.,"Anderson,D.E.,Islam,A.,Crameri,G.,Todd,S.,Khan,S.U.,Foord,A.,Rahman,M.Z.,Mendenhall,I.H.,Luby,S.P.,Gurley,E.S.,Daszak,P.,Epstein,J.H.,Wang,L.F.,Wang,L.-F.","Duke-NUS, Program of Emerging Infectious Diseases",Singapore,urine,https://www.ncbi.nlm.nih.gov/nuccore/MK575064,MK575064,Bangladesh,Bat,2013,urine,,,True
MK575065,NiV/BD/P.medius/EHA/2013/Raypur1406,4/11/2013,2019-06-12,2019-06-12,Asia,Bangladesh,Maniganj,18234,Pteropus medius,False,,Anderson et al.,"Anderson,D.E.,Islam,A.,Crameri,G.,Todd,S.,Khan,S.U.,Foord,A.,Rahman,M.Z.,Mendenhall,I.H.,Luby,S.P.,Gurley,E.S.,Daszak,P.,Epstein,J.H.,Wang,L.F.,Wang,L.-F.","Duke-NUS, Program of Emerging Infectious Diseases",Singapore,urine,https://www.ncbi.nlm.nih.gov/nuccore/MK575065,MK575065,Bangladesh,Bat,2013,urine,,,True
MK575066,NiV/BD/P.medius/EHA/2013/Raypur1408,4/11/2013,2019-06-12,2019-06-12,Asia,Bangladesh,Maniganj,18234,Pteropus medius,False,,Anderson et al.,"Anderson,D.E.,Islam,A.,Crameri,G.,Todd,S.,Khan,S.U.,Foord,A.,Rahman,M.Z.,Mendenhall,I.H.,Luby,S.P.,Gurley,E.S.,Daszak,P.,Epstein,J.H.,Wang,L.F.,Wang,L.-F.","Duke-NUS, Program of Emerging Infectious Diseases",Singapore,urine,https://www.ncbi.nlm.nih.gov/nuccore/MK575066,MK575066,Bangladesh,Bat,2013,urine,,,True
MK575067,NiV/BD/P.medius/EHA/2013/Raypur1409,4/11/2013,2019-06-12,2019-06-12,Asia,Bangladesh,Maniganj,18234,Pteropus medius,False,,Anderson et al.,"Anderson,D.E.,Islam,A.,Crameri,G.,Todd,S.,Khan,S.U.,Foord,A.,Rahman,M.Z.,Mendenhall,I.H.,Luby,S.P.,Gurley,E.S.,Daszak,P.,Epstein,J.H.,Wang,L.F.,Wang,L.-F.","Duke-NUS, Program of Emerging Infectious Diseases",Singapore,urine,https://www.ncbi.nlm.nih.gov/nuccore/MK575067,MK575067,Bangladesh,Bat,2013,urine,,,True
MK575068,NiV/BD/P.medius/EHA/2013/Raypur1410,4/11/2013,2019-06-12,2019-06-12,Asia,Bangladesh,Maniganj,18234,Pteropus medius,False,,Anderson et al.,"Anderson,D.E.,Islam,A.,Crameri,G.,Todd,S.,Khan,S.U.,Foord,A.,Rahman,M.Z.,Mendenhall,I.H.,Luby,S.P.,Gurley,E.S.,Daszak,P.,Epstein,J.H.,Wang,L.F.,Wang,L.-F.","Duke-NUS, Program of Emerging Infectious Diseases",Singapore,urine,https://www.ncbi.nlm.nih.gov/nuccore/MK575068,MK575068,Bangladesh,Bat,2013,urine,,,True
MK575069,NiV/BD/P.medius/EHA/2013/Raypur1411,4/11/2013,2019-06-12,2019-06-12,Asia,Bangladesh,Maniganj,18234,Pteropus medius,False,,Anderson et al.,"Anderson,D.E.,Islam,A.,Crameri,G.,Todd,S.,Khan,S.U.,Foord,A.,Rahman,M.Z.,Mendenhall,I.H.,Luby,S.P.,Gurley,E.S.,Daszak,P.,Epstein,J.H.,Wang,L.F.,Wang,L.-F.","Duke-NUS, Program of Emerging Infectious Diseases",Singapore,urine,https://www.ncbi.nlm.nih.gov/nuccore/MK575069,MK575069,Bangladesh,Bat,2013,urine,,,True
MK575070,NiV/BD/P.medius/EHA/2013/Sylhet191,1/6/2013,2019-06-12,2019-06-12,Asia,Bangladesh,,18234,Pteropus medius,False,,Anderson et al.,"Anderson,D.E.,Islam,A.,Crameri,G.,Todd,S.,Khan,S.U.,Foord,A.,Rahman,M.Z.,Mendenhall,I.H.,Luby,S.P.,Gurley,E.S.,Daszak,P.,Epstein,J.H.,Wang,L.F.,Wang,L.-F.","Duke-NUS, Program of Emerging Infectious Diseases",Singapore,urine,https://www.ncbi.nlm.nih.gov/nuccore/MK575070,MK575070,Bangladesh,Bat,2013,urine,,,True
MK673558,808579,3/25/1999,2021-04-19,2021-04-19,Asia,Malaysia,,18234,Sus scrofa domesticus,False,,Whitmer et al.,"Whitmer,S.L.M.,Lo,M.K.,Sazzad,H.M.S.,Zufan,S.,Gurley,E.S.,Sultana,S.,Amman,B.,Ladner,J.T.,Rahman,M.Z.,Doan,S.,Satter,S.M.,Flora,M.S.,Montgomery,J.M.,Nichol,S.T.,Spiropoulou,C.F.,Klena,J.D.,Zufan,S.E.","Centers for Disease Control and Prevention, Viral Special Pathogens",USA,,https://www.ncbi.nlm.nih.gov/nuccore/MK673558,MK673558,Malaysia,Pig,1999,Unknown,,,True
MK673559,808581,3/25/1999,2021-04-19,2021-04-19,Asia,Malaysia,,18231,Sus scrofa domesticus,False,,Whitmer et al.,"Whitmer,S.L.M.,Lo,M.K.,Sazzad,H.M.S.,Zufan,S.,Gurley,E.S.,Sultana,S.,Amman,B.,Ladner,J.T.,Rahman,M.Z.,Doan,S.,Satter,S.M.,Flora,M.S.,Montgomery,J.M.,Nichol,S.T.,Spiropoulou,C.F.,Klena,J.D.,Zufan,S.E.","Centers for Disease Control and Prevention, Viral Special Pathogens",USA,,https://www.ncbi.nlm.nih.gov/nuccore/MK673559,MK673559,Malaysia,Pig,1999,Unknown,,,True
MK673560,808585,3/26/1999,2021-04-19,2021-04-19,Asia,Malaysia,,18231,Sus scrofa domesticus,False,,Whitmer et al.,"Whitmer,S.L.M.,Lo,M.K.,Sazzad,H.M.S.,Zufan,S.,Gurley,E.S.,Sultana,S.,Amman,B.,Ladner,J.T.,Rahman,M.Z.,Doan,S.,Satter,S.M.,Flora,M.S.,Montgomery,J.M.,Nichol,S.T.,Spiropoulou,C.F.,Klena,J.D.,Zufan,S.E.","Centers for Disease Control and Prevention, Viral Special Pathogens",USA,,https://www.ncbi.nlm.nih.gov/nuccore/MK673560,MK673560,Malaysia,Pig,1999,Unknown,,,True
MK673561,808589,1999-XX-XX,2021-04-19,2021-04-19,Asia,Malaysia,,18231,Sus scrofa domesticus,False,,Whitmer et al.,"Whitmer,S.L.M.,Lo,M.K.,Sazzad,H.M.S.,Zufan,S.,Gurley,E.S.,Sultana,S.,Amman,B.,Ladner,J.T.,Rahman,M.Z.,Doan,S.,Satter,S.M.,Flora,M.S.,Montgomery,J.M.,Nichol,S.T.,Spiropoulou,C.F.,Klena,J.D.,Zufan,S.E.","Centers for Disease Control and Prevention, Viral Special Pathogens",USA,,https://www.ncbi.nlm.nih.gov/nuccore/MK673561,MK673561,Malaysia,Pig,1999,Unknown,,exact_duplicate_of_MK673560,False
MK673562,808651,1999-XX-XX,2021-04-19,2021-04-19,Asia,Malaysia,,18231,Homo sapiens,False,,Whitmer et al.,"Whitmer,S.L.M.,Lo,M.K.,Sazzad,H.M.S.,Zufan,S.,Gurley,E.S.,Sultana,S.,Amman,B.,Ladner,J.T.,Rahman,M.Z.,Doan,S.,Satter,S.M.,Flora,M.S.,Montgomery,J.M.,Nichol,S.T.,Spiropoulou,C.F.,Klena,J.D.,Zufan,S.E.","Centers for Disease Control and Prevention, Viral Special Pathogens",USA,,https://www.ncbi.nlm.nih.gov/nuccore/MK673562,MK673562,Malaysia,Human,1999,Unknown,,,True
MK673563,808652,4/3/1999,2021-04-19,2021-04-19,Asia,Malaysia,,18231,Canis lupus familiaris,False,,Whitmer et al.,"Whitmer,S.L.M.,Lo,M.K.,Sazzad,H.M.S.,Zufan,S.,Gurley,E.S.,Sultana,S.,Amman,B.,Ladner,J.T.,Rahman,M.Z.,Doan,S.,Satter,S.M.,Flora,M.S.,Montgomery,J.M.,Nichol,S.T.,Spiropoulou,C.F.,Klena,J.D.,Zufan,S.E.","Centers for Disease Control and Prevention, Viral Special Pathogens",USA,,https://www.ncbi.nlm.nih.gov/nuccore/MK673563,MK673563,Malaysia,Dog,1999,Unknown,,,True
MK673564,810398,1/22/2004,2021-04-19,2021-04-19,Asia,Bangladesh,,18240,Homo sapiens,False,,Whitmer et al.,"Whitmer,S.L.M.,Lo,M.K.,Sazzad,H.M.S.,Zufan,S.,Gurley,E.S.,Sultana,S.,Amman,B.,Ladner,J.T.,Rahman,M.Z.,Doan,S.,Satter,S.M.,Flora,M.S.,Montgomery,J.M.,Nichol,S.T.,Spiropoulou,C.F.,Klena,J.D.,Zufan,S.E.","Centers for Disease Control and Prevention, Viral Special Pathogens",USA,oronasopharynx,https://www.ncbi.nlm.nih.gov/nuccore/MK673564,MK673564,Bangladesh,Human,2004,oronasopharynx,,,True
MK673565,810405,2/9/2004,2021-04-19,2021-04-19,Asia,Bangladesh,,18235,Homo sapiens,False,,Whitmer et al.,"Whitmer,S.L.M.,Lo,M.K.,Sazzad,H.M.S.,Zufan,S.,Gurley,E.S.,Sultana,S.,Amman,B.,Ladner,J.T.,Rahman,M.Z.,Doan,S.,Satter,S.M.,Flora,M.S.,Montgomery,J.M.,Nichol,S.T.,Spiropoulou,C.F.,Klena,J.D.,Zufan,S.E.","Centers for Disease Control and Prevention, Viral Special Pathogens",USA,cerebrospinal fluid,https://www.ncbi.nlm.nih.gov/nuccore/MK673565,MK673565,Bangladesh,Human,2004,cerebrospinal fluid,,,True
MK673566,810428,3/29/2004,2021-04-19,2021-04-19,Asia,Bangladesh,,18240,Homo sapiens,False,,Whitmer et al.,"Whitmer,S.L.M.,Lo,M.K.,Sazzad,H.M.S.,Zufan,S.,Gurley,E.S.,Sultana,S.,Amman,B.,Ladner,J.T.,Rahman,M.Z.,Doan,S.,Satter,S.M.,Flora,M.S.,Montgomery,J.M.,Nichol,S.T.,Spiropoulou,C.F.,Klena,J.D.,Zufan,S.E.","Centers for Disease Control and Prevention, Viral Special Pathogens",USA,urine,https://www.ncbi.nlm.nih.gov/nuccore/MK673566,MK673566,Bangladesh,Human,2004,urine,,,True
MK673567,810482,4/19/2004,2021-04-19,2021-04-19,Asia,Bangladesh,,18245,Homo sapiens,False,,Whitmer et al.,"Whitmer,S.L.M.,Lo,M.K.,Sazzad,H.M.S.,Zufan,S.,Gurley,E.S.,Sultana,S.,Amman,B.,Ladner,J.T.,Rahman,M.Z.,Doan,S.,Satter,S.M.,Flora,M.S.,Montgomery,J.M.,Nichol,S.T.,Spiropoulou,C.F.,Klena,J.D.,Zufan,S.E.","Centers for Disease Control and Prevention, Viral Special Pathogens",USA,oronasopharynx,https://www.ncbi.nlm.nih.gov/nuccore/MK673567,MK673567,Bangladesh,Human,2004,oronasopharynx,,,True
MK673568,811373,2/28/2008,2021-04-19,2021-04-19,Asia,Bangladesh,,18237,Homo sapiens,False,,Whitmer et al.,"Whitmer,S.L.M.,Lo,M.K.,Sazzad,H.M.S.,Zufan,S.,Gurley,E.S.,Sultana,S.,Amman,B.,Ladner,J.T.,Rahman,M.Z.,Doan,S.,Satter,S.M.,Flora,M.S.,Montgomery,J.M.,Nichol,S.T.,Spiropoulou,C.F.,Klena,J.D.,Zufan,S.E.","Centers for Disease Control and Prevention, Viral Special Pathogens",USA,oronasopharynx,https://www.ncbi.nlm.nih.gov/nuccore/MK673568,MK673568,Bangladesh,Human,2008,oronasopharynx,,,True
MK673570,812001,2/11/2011,2021-04-19,2021-04-19,Asia,Bangladesh,,18231,Homo sapiens,False,,Whitmer et al.,"Whitmer,S.L.M.,Lo,M.K.,Sazzad,H.M.S.,Zufan,S.,Gurley,E.S.,Sultana,S.,Amman,B.,Ladner,J.T.,Rahman,M.Z.,Doan,S.,Satter,S.M.,Flora,M.S.,Montgomery,J.M.,Nichol,S.T.,Spiropoulou,C.F.,Klena,J.D.,Zufan,S.E.","Centers for Disease Control and Prevention, Viral Special Pathogens",USA,oronasopharynx,https://www.ncbi.nlm.nih.gov/nuccore/MK673570,MK673570,Bangladesh,Human,2011,oronasopharynx,,,True
MK673571,201200903,2/1/2011,2021-04-19,2021-04-19,Asia,Bangladesh,,18240,Homo sapiens,False,,Whitmer et al.,"Whitmer,S.L.M.,Lo,M.K.,Sazzad,H.M.S.,Zufan,S.,Gurley,E.S.,Sultana,S.,Amman,B.,Ladner,J.T.,Rahman,M.Z.,Doan,S.,Satter,S.M.,Flora,M.S.,Montgomery,J.M.,Nichol,S.T.,Spiropoulou,C.F.,Klena,J.D.,Zufan,S.E.","Centers for Disease Control and Prevention, Viral Special Pathogens",USA,oronasopharynx,https://www.ncbi.nlm.nih.gov/nuccore/MK673571,MK673571,Bangladesh,Human,2011,oronasopharynx,,,True
MK673572,201200905,2/1/2011,2021-04-19,2021-04-19,Asia,Bangladesh,,18105,Homo sapiens,False,,Whitmer et al.,"Whitmer,S.L.M.,Lo,M.K.,Sazzad,H.M.S.,Zufan,S.,Gurley,E.S.,Sultana,S.,Amman,B.,Ladner,J.T.,Rahman,M.Z.,Doan,S.,Satter,S.M.,Flora,M.S.,Montgomery,J.M.,Nichol,S.T.,Spiropoulou,C.F.,Klena,J.D.,Zufan,S.E.","Centers for Disease Control and Prevention, Viral Special Pathogens",USA,oronasopharynx,https://www.ncbi.nlm.nih.gov/nuccore/MK673572,MK673572,Bangladesh,Human,2011,oronasopharynx,,,True
MK673573,201200919,2/2/2011,2021-04-19,2021-04-19,Asia,Bangladesh,,18236,Homo sapiens,False,,Whitmer et al.,"Whitmer,S.L.M.,Lo,M.K.,Sazzad,H.M.S.,Zufan,S.,Gurley,E.S.,Sultana,S.,Amman,B.,Ladner,J.T.,Rahman,M.Z.,Doan,S.,Satter,S.M.,Flora,M.S.,Montgomery,J.M.,Nichol,S.T.,Spiropoulou,C.F.,Klena,J.D.,Zufan,S.E.","Centers for Disease Control and Prevention, Viral Special Pathogens",USA,oronasopharynx,https://www.ncbi.nlm.nih.gov/nuccore/MK673573,MK673573,Bangladesh,Human,2011,oronasopharynx,,,True
MK673574,201200920,2/3/2011,2021-04-19,2021-04-19,Asia,Bangladesh,,18205,Homo sapiens,False,,Whitmer et al.,"Whitmer,S.L.M.,Lo,M.K.,Sazzad,H.M.S.,Zufan,S.,Gurley,E.S.,Sultana,S.,Amman,B.,Ladner,J.T.,Rahman,M.Z.,Doan,S.,Satter,S.M.,Flora,M.S.,Montgomery,J.M.,Nichol,S.T.,Spiropoulou,C.F.,Klena,J.D.,Zufan,S.E.","Centers for Disease Control and Prevention, Viral Special Pathogens",USA,oronasopharynx,https://www.ncbi.nlm.nih.gov/nuccore/MK673574,MK673574,Bangladesh,Human,2011,oronasopharynx,,,True
MK673575,201200938,2/10/2011,2021-04-19,2021-04-19,Asia,Bangladesh,,18238,Homo sapiens,False,,Whitmer et al.,"Whitmer,S.L.M.,Lo,M.K.,Sazzad,H.M.S.,Zufan,S.,Gurley,E.S.,Sultana,S.,Amman,B.,Ladner,J.T.,Rahman,M.Z.,Doan,S.,Satter,S.M.,Flora,M.S.,Montgomery,J.M.,Nichol,S.T.,Spiropoulou,C.F.,Klena,J.D.,Zufan,S.E.","Centers for Disease Control and Prevention, Viral Special Pathogens",USA,oronasopharynx,https://www.ncbi.nlm.nih.gov/nuccore/MK673575,MK673575,Bangladesh,Human,2011,oronasopharynx,,,True
MK673576,201200973,1/1/2011,2021-04-19,2021-04-19,Asia,Bangladesh,,18237,Homo sapiens,False,,Whitmer et al.,"Whitmer,S.L.M.,Lo,M.K.,Sazzad,H.M.S.,Zufan,S.,Gurley,E.S.,Sultana,S.,Amman,B.,Ladner,J.T.,Rahman,M.Z.,Doan,S.,Satter,S.M.,Flora,M.S.,Montgomery,J.M.,Nichol,S.T.,Spiropoulou,C.F.,Klena,J.D.,Zufan,S.E.","Centers for Disease Control and Prevention, Viral Special Pathogens",USA,oronasopharynx,https://www.ncbi.nlm.nih.gov/nuccore/MK673576,MK673576,Bangladesh,Human,2011,oronasopharynx,,,True
MK673577,201206008,2/2/2011,2021-04-19,2021-04-19,Asia,Bangladesh,,18219,Homo sapiens,False,,Whitmer et al.,"Whitmer,S.L.M.,Lo,M.K.,Sazzad,H.M.S.,Zufan,S.,Gurley,E.S.,Sultana,S.,Amman,B.,Ladner,J.T.,Rahman,M.Z.,Doan,S.,Satter,S.M.,Flora,M.S.,Montgomery,J.M.,Nichol,S.T.,Spiropoulou,C.F.,Klena,J.D.,Zufan,S.E.","Centers for Disease Control and Prevention, Viral Special Pathogens",USA,blood,https://www.ncbi.nlm.nih.gov/nuccore/MK673577,MK673577,Bangladesh,Human,2011,blood,,,True
MK673578,201206119,3/8/2011,2021-04-19,2021-04-19,Asia,Bangladesh,,18235,Homo sapiens,False,,Whitmer et al.,"Whitmer,S.L.M.,Lo,M.K.,Sazzad,H.M.S.,Zufan,S.,Gurley,E.S.,Sultana,S.,Amman,B.,Ladner,J.T.,Rahman,M.Z.,Doan,S.,Satter,S.M.,Flora,M.S.,Montgomery,J.M.,Nichol,S.T.,Spiropoulou,C.F.,Klena,J.D.,Zufan,S.E.","Centers for Disease Control and Prevention, Viral Special Pathogens",USA,blood,https://www.ncbi.nlm.nih.gov/nuccore/MK673578,MK673578,Bangladesh,Human,2011,blood,,,True
MK673579,201206312,1/20/2012,2021-04-19,2021-04-19,Asia,Bangladesh,,18223,Homo sapiens,False,,Whitmer et al.,"Whitmer,S.L.M.,Lo,M.K.,Sazzad,H.M.S.,Zufan,S.,Gurley,E.S.,Sultana,S.,Amman,B.,Ladner,J.T.,Rahman,M.Z.,Doan,S.,Satter,S.M.,Flora,M.S.,Montgomery,J.M.,Nichol,S.T.,Spiropoulou,C.F.,Klena,J.D.,Zufan,S.E.","Centers for Disease Control and Prevention, Viral Special Pathogens",USA,oronasopharynx,https://www.ncbi.nlm.nih.gov/nuccore/MK673579,MK673579,Bangladesh,Human,2012,oronasopharynx,,,True
MK673580,201206313,1/20/2012,2021-04-19,2021-04-19,Asia,Bangladesh,,18234,Homo sapiens,False,,Whitmer et al.,"Whitmer,S.L.M.,Lo,M.K.,Sazzad,H.M.S.,Zufan,S.,Gurley,E.S.,Sultana,S.,Amman,B.,Ladner,J.T.,Rahman,M.Z.,Doan,S.,Satter,S.M.,Flora,M.S.,Montgomery,J.M.,Nichol,S.T.,Spiropoulou,C.F.,Klena,J.D.,Zufan,S.E.","Centers for Disease Control and Prevention, Viral Special Pathogens",USA,oronasopharynx,https://www.ncbi.nlm.nih.gov/nuccore/MK673580,MK673580,Bangladesh,Human,2012,oronasopharynx,,,True
MK673581,201206316,1/21/2012,2021-04-19,2021-04-19,Asia,Bangladesh,,18235,Homo sapiens,False,,Whitmer et al.,"Whitmer,S.L.M.,Lo,M.K.,Sazzad,H.M.S.,Zufan,S.,Gurley,E.S.,Sultana,S.,Amman,B.,Ladner,J.T.,Rahman,M.Z.,Doan,S.,Satter,S.M.,Flora,M.S.,Montgomery,J.M.,Nichol,S.T.,Spiropoulou,C.F.,Klena,J.D.,Zufan,S.E.","Centers for Disease Control and Prevention, Viral Special Pathogens",USA,oronasopharynx,https://www.ncbi.nlm.nih.gov/nuccore/MK673581,MK673581,Bangladesh,Human,2012,oronasopharynx,,,True
MK673582,201206325,4/5/2012,2021-04-19,2021-04-19,Asia,Bangladesh,,18237,Homo sapiens,False,,Whitmer et al.,"Whitmer,S.L.M.,Lo,M.K.,Sazzad,H.M.S.,Zufan,S.,Gurley,E.S.,Sultana,S.,Amman,B.,Ladner,J.T.,Rahman,M.Z.,Doan,S.,Satter,S.M.,Flora,M.S.,Montgomery,J.M.,Nichol,S.T.,Spiropoulou,C.F.,Klena,J.D.,Zufan,S.E.","Centers for Disease Control and Prevention, Viral Special Pathogens",USA,oronasopharynx,https://www.ncbi.nlm.nih.gov/nuccore/MK673582,MK673582,Bangladesh,Human,2012,oronasopharynx,,,True
MK673583,201302591,1/22/2013,2021-04-19,2021-04-19,Asia,Bangladesh,,18197,Homo sapiens,False,,Whitmer et al.,"Whitmer,S.L.M.,Lo,M.K.,Sazzad,H.M.S.,Zufan,S.,Gurley,E.S.,Sultana,S.,Amman,B.,Ladner,J.T.,Rahman,M.Z.,Doan,S.,Satter,S.M.,Flora,M.S.,Montgomery,J.M.,Nichol,S.T.,Spiropoulou,C.F.,Klena,J.D.,Zufan,S.E.","Centers for Disease Control and Prevention, Viral Special Pathogens",USA,oronasopharynx,https://www.ncbi.nlm.nih.gov/nuccore/MK673583,MK673583,Bangladesh,Human,2013,oronasopharynx,,,True
MK673584,201601126,1/5/2015,2021-04-19,2021-04-19,Asia,Bangladesh,,18229,Homo sapiens,False,,Whitmer et al.,"Whitmer,S.L.M.,Lo,M.K.,Sazzad,H.M.S.,Zufan,S.,Gurley,E.S.,Sultana,S.,Amman,B.,Ladner,J.T.,Rahman,M.Z.,Doan,S.,Satter,S.M.,Flora,M.S.,Montgomery,J.M.,Nichol,S.T.,Spiropoulou,C.F.,Klena,J.D.,Zufan,S.E.","Centers for Disease Control and Prevention, Viral Special Pathogens",USA,oronasopharynx,https://www.ncbi.nlm.nih.gov/nuccore/MK673584,MK673584,Bangladesh,Human,2015,oronasopharynx,,,True
MK673585,201601136,3/18/2015,2021-04-19,2021-04-19,Asia,Bangladesh,,18245,Homo sapiens,False,,Whitmer et al.,"Whitmer,S.L.M.,Lo,M.K.,Sazzad,H.M.S.,Zufan,S.,Gurley,E.S.,Sultana,S.,Amman,B.,Ladner,J.T.,Rahman,M.Z.,Doan,S.,Satter,S.M.,Flora,M.S.,Montgomery,J.M.,Nichol,S.T.,Spiropoulou,C.F.,Klena,J.D.,Zufan,S.E.","Centers for Disease Control and Prevention, Viral Special Pathogens",USA,oronasopharynx,https://www.ncbi.nlm.nih.gov/nuccore/MK673585,MK673585,Bangladesh,Human,2015,oronasopharynx,,,True
MK673586,201601138,3/21/2015,2021-04-19,2021-04-19,Asia,Bangladesh,,18165,Homo sapiens,False,,Whitmer et al.,"Whitmer,S.L.M.,Lo,M.K.,Sazzad,H.M.S.,Zufan,S.,Gurley,E.S.,Sultana,S.,Amman,B.,Ladner,J.T.,Rahman,M.Z.,Doan,S.,Satter,S.M.,Flora,M.S.,Montgomery,J.M.,Nichol,S.T.,Spiropoulou,C.F.,Klena,J.D.,Zufan,S.E.","Centers for Disease Control and Prevention, Viral Special Pathogens",USA,oronasopharynx,https://www.ncbi.nlm.nih.gov/nuccore/MK673586,MK673586,Bangladesh,Human,2015,oronasopharynx,,,True
MK673587,201601144,1/19/2015,2021-04-19,2021-04-19,Asia,Bangladesh,,18170,Homo sapiens,False,,Whitmer et al.,"Whitmer,S.L.M.,Lo,M.K.,Sazzad,H.M.S.,Zufan,S.,Gurley,E.S.,Sultana,S.,Amman,B.,Ladner,J.T.,Rahman,M.Z.,Doan,S.,Satter,S.M.,Flora,M.S.,Montgomery,J.M.,Nichol,S.T.,Spiropoulou,C.F.,Klena,J.D.,Zufan,S.E.","Centers for Disease Control and Prevention, Viral Special Pathogens",USA,oronasopharynx,https://www.ncbi.nlm.nih.gov/nuccore/MK673587,MK673587,Bangladesh,Human,2015,oronasopharynx,,,True
MK673588,201601161,2/27/2015,2021-04-19,2021-04-19,Asia,Bangladesh,,18119,Homo sapiens,False,,Whitmer et al.,"Whitmer,S.L.M.,Lo,M.K.,Sazzad,H.M.S.,Zufan,S.,Gurley,E.S.,Sultana,S.,Amman,B.,Ladner,J.T.,Rahman,M.Z.,Doan,S.,Satter,S.M.,Flora,M.S.,Montgomery,J.M.,Nichol,S.T.,Spiropoulou,C.F.,Klena,J.D.,Zufan,S.E.","Centers for Disease Control and Prevention, Viral Special Pathogens",USA,oronasopharynx,https://www.ncbi.nlm.nih.gov/nuccore/MK673588,MK673588,Bangladesh,Human,2015,oronasopharynx,,,True
MK673589,201601187,2/6/2014,2021-04-19,2021-04-19,Asia,Bangladesh,,18215,Homo sapiens,False,,Whitmer et al.,"Whitmer,S.L.M.,Lo,M.K.,Sazzad,H.M.S.,Zufan,S.,Gurley,E.S.,Sultana,S.,Amman,B.,Ladner,J.T.,Rahman,M.Z.,Doan,S.,Satter,S.M.,Flora,M.S.,Montgomery,J.M.,Nichol,S.T.,Spiropoulou,C.F.,Klena,J.D.,Zufan,S.E.","Centers for Disease Control and Prevention, Viral Special Pathogens",USA,oronasopharynx,https://www.ncbi.nlm.nih.gov/nuccore/MK673589,MK673589,Bangladesh,Human,2014,oronasopharynx,,,True
MK673590,201601191,2/7/2014,2021-04-19,2021-04-19,Asia,Bangladesh,,18208,Homo sapiens,False,,Whitmer et al.,"Whitmer,S.L.M.,Lo,M.K.,Sazzad,H.M.S.,Zufan,S.,Gurley,E.S.,Sultana,S.,Amman,B.,Ladner,J.T.,Rahman,M.Z.,Doan,S.,Satter,S.M.,Flora,M.S.,Montgomery,J.M.,Nichol,S.T.,Spiropoulou,C.F.,Klena,J.D.,Zufan,S.E.","Centers for Disease Control and Prevention, Viral Special Pathogens",USA,oronasopharynx,https://www.ncbi.nlm.nih.gov/nuccore/MK673590,MK673590,Bangladesh,Human,2014,oronasopharynx,,,True
MK673591,201601231,2/4/2014,2021-04-19,2021-04-19,Asia,Bangladesh,,18157,Homo sapiens,False,,Whitmer et al.,"Whitmer,S.L.M.,Lo,M.K.,Sazzad,H.M.S.,Zufan,S.,Gurley,E.S.,Sultana,S.,Amman,B.,Ladner,J.T.,Rahman,M.Z.,Doan,S.,Satter,S.M.,Flora,M.S.,Montgomery,J.M.,Nichol,S.T.,Spiropoulou,C.F.,Klena,J.D.,Zufan,S.E.","Centers for Disease Control and Prevention, Viral Special Pathogens",USA,oronasopharynx,https://www.ncbi.nlm.nih.gov/nuccore/MK673591,MK673591,Bangladesh,Human,2014,oronasopharynx,,,True
MK673592,201601241,1/20/2014,2021-04-19,2021-04-19,Asia,Bangladesh,,18234,Homo sapiens,False,,Whitmer et al.,"Whitmer,S.L.M.,Lo,M.K.,Sazzad,H.M.S.,Zufan,S.,Gurley,E.S.,Sultana,S.,Amman,B.,Ladner,J.T.,Rahman,M.Z.,Doan,S.,Satter,S.M.,Flora,M.S.,Montgomery,J.M.,Nichol,S.T.,Spiropoulou,C.F.,Klena,J.D.,Zufan,S.E.","Centers for Disease Control and Prevention, Viral Special Pathogens",USA,oronasopharynx,https://www.ncbi.nlm.nih.gov/nuccore/MK673592,MK673592,Bangladesh,Human,2014,oronasopharynx,,,True
MK801755,CSUR381,2003-XX-XX,2019-07-10,2020-03-26,Asia,Cambodia,,18246,Pteropus lylei,False,,Gaudino et al.,"Gaudino,M.,Aurine,N.,Dumont,C.,Fouret,J.,Ferren,M.,Mathieu,C.,Reynard,O.,Volchkov,V.E.,Legras-Lachuer,C.,Georges-Courbot,M.C.,Horvat,B.,Legras-Laucher,C.,Reynes,J.-M.","INSERM U1111, CIRI (International Center for Infectiology Research)",France,,https://www.ncbi.nlm.nih.gov/nuccore/MK801755,MK801755,Cambodia,Bat,2003,Unknown,,,True
MN549402,MCL-19-BAT-574-8,6/10/2019,2020-11-01,2020-11-01,Asia,India,"Idukki District, Kerala State",18132,Pteropus medius,False,,Yadav et al.,"Yadav,P.","National Institue of Virology, Maximum Containment Laboratory",India,"kidney, abdominal cavity",https://www.ncbi.nlm.nih.gov/nuccore/MN549402,MN549402,India,Bat,2019,"kidney, abdominal cavity",,,True
MN549403,MCL-19-BAT-574-4,6/10/2019,2020-11-01,2020-11-01,Asia,India,"Idukki District, Kerala State",18131,Pteropus medius,False,,Yadav et al.,"Yadav,P.","National Institue of Virology, Maximum Containment Laboratory",India,brain,https://www.ncbi.nlm.nih.gov/nuccore/MN549403,MN549403,India,Bat,2019,brain,,,True
MN549404,MCL-19-BAT-574-6,6/10/2019,2020-11-01,2020-11-01,Asia,India,"Idukki District, Kerala State",18130,Pteropus medius,False,,Yadav et al.,"Yadav,P.","National Institue of Virology, Maximum Containment Laboratory",India,heart,https://www.ncbi.nlm.nih.gov/nuccore/MN549404,MN549404,India,Bat,2019,heart,,,True
MN549405,MCL-19-BAT-572-10,6/10/2019,2020-11-01,2020-11-01,Asia,India,"Idukki District, Kerala State",18125,Pteropus medius,False,,Yadav et al.,"Yadav,P.","National Institue of Virology, Maximum Containment Laboratory",India,"feces, abdominal cavity",https://www.ncbi.nlm.nih.gov/nuccore/MN549405,MN549405,India,Bat,2019,"feces, abdominal cavity",,,True
MN549406,MCL-19-BAT-572-9,6/10/2019,2020-11-01,2020-11-01,Asia,India,"Idukki District, Kerala State",18132,Pteropus medius,False,,Yadav et al.,"Yadav,P.","National Institue of Virology, Maximum Containment Laboratory",India,,https://www.ncbi.nlm.nih.gov/nuccore/MN549406,MN549406,India,Bat,2019,Unknown,,,True
MN549407,MCL-19-BAT-572-6,6/10/2019,2020-11-01,2020-11-01,Asia,India,"Idukki District, Kerala State",17813,Pteropus medius,False,,Yadav et al.,"Yadav,P.","National Institue of Virology, Maximum Containment Laboratory",India,heart,https://www.ncbi.nlm.nih.gov/nuccore/MN549407,MN549407,India,Bat,2019,heart,,,True
MN549408,MCL-19-BAT-574-5,6/10/2019,2020-11-01,2020-11-01,Asia,India,"Idukki District, Kerala State",18131,Pteropus medius,False,,Yadav et al.,"Yadav,P.","National Institue of Virology, Maximum Containment Laboratory",India,lung,https://www.ncbi.nlm.nih.gov/nuccore/MN549408,MN549408,India,Bat,2019,lung,,,True
MN549409,MCL-19-BAT-572-7,6/10/2019,2020-11-01,2020-11-01,Asia,India,"Idukki District, Kerala State",18172,Pteropus medius,False,,Yadav et al.,"Yadav,P.","National Institue of Virology, Maximum Containment Laboratory",India,,https://www.ncbi.nlm.nih.gov/nuccore/MN549409,MN549409,India,Bat,2019,Unknown,,,True
MN549410,MCL-19-BAT-574-7,6/10/2019,2020-11-01,2020-11-01,Asia,India,"Idukki District, Kerala State",17815,Pteropus medius,False,,Yadav et al.,"Yadav,P.","National Institue of Virology, Maximum Containment Laboratory",India,,https://www.ncbi.nlm.nih.gov/nuccore/MN549410,MN549410,India,Bat,2019,Unknown,,,True
MN549411,MCL-19-BAT-572-5,6/10/2019,2020-11-01,2020-11-01,Asia,India,"Idukki District, Kerala State",18124,Pteropus medius,False,,Yadav et al.,"Yadav,P.","National Institue of Virology, Maximum Containment Laboratory",India,lung,https://www.ncbi.nlm.nih.gov/nuccore/MN549411,MN549411,India,Bat,2019,lung,,,True
MW535746,NiV/TH/P.lylei/2017/B17640.GUL,5/21/2017,2021-11-13,2021-11-13,Asia,Thailand,,18236,Pteropus lylei,False,,Wacharapluesadee et al.,"Wacharapluesadee,S.,Ghai,S.,Duengkae,P.,Manee-Orn,P.,Thanapongtharm,W.,Saraya,A.W.,Yingsakmongkon,S.,Joyjinda,Y.,Suradhat,S.,Ampoot,W.,Nuansrichay,B.,Kaewpom,T.,Tantilertcharoen,R.,Rodpan,A.,Wongsathapornchai,K.,Ponpinit,T.,Buathong,R.,Bunprakob,S.,Damron","Faculty of Medicine, Chulalongkorn University, Thai Red Cross Emerging Infectious Diseases - Health Science Centre and WHO Collaborating Centre for Research and Training on Viral Zoonoses, King Chulalongkorn Memorial Hospital",Thailand,urine,https://www.ncbi.nlm.nih.gov/nuccore/MW535746,MW535746,Thailand,Bat,2017,urine,,,True
NC_002728,,XXXX-XX-XX,2000-06-01,2018-08-13,,,,18246,,False,,Lo et al.,"Lo,M.K.,Harcourt,B.H.,Mungall,B.A.,Tamin,A.,Peeples,M.E.,Bellini,W.J.,Rota,P.A.,Halpin,K.,Ksiazek,T.G.,Rollin,P.E.,Chua,K.B.,Lam,S.K.,Zaki,S.R.,Shieh,W.,Goldsmith,C.S.,Gubler,D.J.,Roehrig,J.T.,Eaton,B.,Gould,A.R.,Olson,J.,Field,H.,Daniels,P.,Ling,A.E.,Pet","National Center for Biotechnology Information, NIH",USA,,https://www.ncbi.nlm.nih.gov/nuccore/NC_002728,NC_002728,Unknown,Unknown,,Unknown,,,True
OK572974,IRF0160_NIV-MALAYSIA,XXXX-XX-XX,2022-07-30,2022-07-30,,Missing,,18769,,False,SRR17262087,Bennett et al.,"Bennett,R.,Hensley,L.,Tallon,L.,Sadzewicz,L.,Vavikolanu,K.,Mehta,A.,Aluvathingal,J.,Nadendla,S.,Yan,Y.,Sichtig,H.","US Food and Drug Administration, Center for Devices and Radiological Health",USA,,https://www.ncbi.nlm.nih.gov/nuccore/OK572974,OK572974,Unknown,Unknown,,Unknown,,,True
OK573014,199902916/Malaysia,XXXX-XX-XX,2022-07-30,2022-07-30,North America,USA,,18142,,False,SRR10027400,Tallon et al.,"Tallon,L.,Sadzewicz,L.,Vavikolanu,K.,Mehta,A.,Aluvathingal,J.,Nadendla,S.,Myers,T.,Yan,Y.,Sichtig,H.","US Food and Drug Administration, Center for Devices and Radiological Health",USA,,https://www.ncbi.nlm.nih.gov/nuccore/OK573014,OK573014,USA,Unknown,,Unknown,,,True
OM135495,MCL-21-H-9808,9/2/2021,2022-11-21,2022-11-21,Asia,India,,18005,Homo sapiens,False,,Yadav et al.,"Yadav,P.D.,Sahay,R.R.,Balakrishnan,A.,Mohandas,S.,Radhakrishnan,C.,Gokhale,M.D.,Balasubramanian,R.,Abraham,P.,Gupta,N.,Sugunan,A.P.,Khobragade,R.,George,K.,Shete,A.,Patil,S.,Thankappan,U.P.,Dighe,H.,Koshy,J.,Vijay,V.,Gayathri,R.,Kumar,P.J.,Rahim,A.,Naveen","National Institute of Virology, Maximum Containment Laboratory",India,,https://www.ncbi.nlm.nih.gov/nuccore/OM135495,OM135495,India,Human,2021,Unknown,,,True
OR130496,MCL-19-H-1134,2019-06-XX,2023-07-26,2023-07-26,Asia,India,,18124,Homo sapiens,False,,Yadav et al.,"Yadav,P.D.","National Institue of Virology, Maximum Containment Laboratory",India,,https://www.ncbi.nlm.nih.gov/nuccore/OR130496,OR130496,India,Human,2019,Unknown,,,True
OR820506,MCL-23-H-3874_RNA_11865,8/29/2023,2024-05-25,2024-05-25,Asia,India,Kozhikode (Kerala),18221,Homo sapiens,False,,Yadav et al.,"Yadav,P.D.","National Institute of Virology, Maximum Containment Laboratory",India,oronasopharynx,https://www.ncbi.nlm.nih.gov/nuccore/OR820506,OR820506,India,Human,2023,oronasopharynx,,,True
OR820507,MCL-23-H-3764_RNA_11861,9/9/2023,2024-05-25,2024-05-25,Asia,India,Kozhikode (Kerala),18150,Homo sapiens,False,,Yadav et al.,"Yadav,P.D.","National Institute of Virology, Maximum Containment Laboratory",India,oronasopharynx,https://www.ncbi.nlm.nih.gov/nuccore/OR820507,OR820507,India,Human,2023,oronasopharynx,,,True
OR820508,MCL-23-H-3762_RNA_11863,9/11/2023,2024-05-25,2024-05-25,Asia,India,Kozhikode (Kerala),18190,Homo sapiens,False,,Yadav et al.,"Yadav,P.D.","National Institute of Virology, Maximum Containment Laboratory",India,oronasopharynx,https://www.ncbi.nlm.nih.gov/nuccore/OR820508,OR820508,India,Human,2023,oronasopharynx,,,True
PP554503,MCl-23-BAT-438/5_RNA_11998,9/27/2023,2024-11-27,2024-11-27,Asia,India,Waynad,18181,Pteropus medius,False,,Yadav et al.,"Yadav,P.D.","National Institute of Virology, Maximum Containment Laboratory",India,,https://www.ncbi.nlm.nih.gov/nuccore/PP554503,PP554503,India,Bat,2023,Unknown,,,True
PP554504,MCL-23-Bat-247/5_RNA_11996,2023-05-XX,2024-11-27,2024-11-27,Asia,India,Patana,18164,Pteropus medius,False,,Yadav et al.,"Yadav,P.D.","National Institute of Virology, Maximum Containment Laboratory",India,"spleen, abdominal cavity",https://www.ncbi.nlm.nih.gov/nuccore/PP554504,PP554504,India,Bat,2023,"spleen, abdominal cavity",,,True
PP893186,C-18-B-0302,2018-06-XX,2024-06-15,2024-06-15,Asia,Sri Lanka,,18017,Pteropus medius,False,,Kohl et al.,"Kohl,C.,Siriwardana,S.,Muzeniek,T.,Perera,T.,Bas,D.,Oeruc,M.,Brinkmann,A.,Becker-Ziaja,B.,Schwarz,F.,Jeevatharan,H.,Weerasena,J.,Handunnetti,S.,Perera,I.C.,Premawansa,G.,Premawansa,S.,Yapa,W.,Nitsche,A.","Robert Koch-Institute, Centre for Biological Threats and Special Pathogens",Germany,urine,https://www.ncbi.nlm.nih.gov/nuccore/PP893186,PP893186,Sri Lanka,Bat,2018,urine,,,True
PP893188,C-19-B-1808,2019-03-XX,2024-06-15,2024-06-15,Asia,Sri Lanka,,17952,Pteropus medius,False,,Kohl et al.,"Kohl,C.,Siriwardana,S.,Muzeniek,T.,Perera,T.,Bas,D.,Oeruc,M.,Brinkmann,A.,Becker-Ziaja,B.,Schwarz,F.,Jeevatharan,H.,Weerasena,J.,Handunnetti,S.,Perera,I.C.,Premawansa,G.,Premawansa,S.,Yapa,W.,Nitsche,A.","Robert Koch-Institute, Centre for Biological Threats and Special Pathogens",Germany,urine,https://www.ncbi.nlm.nih.gov/nuccore/PP893188,PP893188,Sri Lanka,Bat,2019,urine,,,True
PP981664,NiV/human/BGD/RS0276817/2017,2/16/2017,2024-07-12,2024-07-12,Asia,Bangladesh,Pabna,18077,Homo sapiens,False,,Rahman et al.,"Rahman,M.M.,Miah,M.,Rahman,S.,Rahman,D.I.,Rahman,M.W.,Hossain,M.E.,Satter,S.M.,Klena,J.D.,Shirin,T.,Montgomery,J.M.,Rahman,M.Z.","icddr, b, One Health Laboratory",Bangladesh,oronasopharynx,https://www.ncbi.nlm.nih.gov/nuccore/PP981664,PP981664,Bangladesh,Human,2017,oronasopharynx,,,True
PP981665,NiV/human/BGD/FP0136517/2017,2/22/2017,2024-07-12,2024-07-12,Asia,Bangladesh,Faridpur,18077,Homo sapiens,False,,Rahman et al.,"Rahman,M.M.,Miah,M.,Rahman,S.,Rahman,D.I.,Rahman,M.W.,Hossain,M.E.,Satter,S.M.,Klena,J.D.,Shirin,T.,Montgomery,J.M.,Rahman,M.Z.","icddr, b, One Health Laboratory",Bangladesh,oronasopharynx,https://www.ncbi.nlm.nih.gov/nuccore/PP981665,PP981665,Bangladesh,Human,2017,oronasopharynx,,,True
PP981666,NiV/human/BGD/SQ00118/2018,2/8/2018,2024-07-12,2024-07-12,Asia,Bangladesh,Faridpur,18077,Homo sapiens,False,,Rahman et al.,"Rahman,M.M.,Miah,M.,Rahman,S.,Rahman,D.I.,Rahman,M.W.,Hossain,M.E.,Satter,S.M.,Klena,J.D.,Shirin,T.,Montgomery,J.M.,Rahman,M.Z.","icddr, b, One Health Laboratory",Bangladesh,oronasopharynx,https://www.ncbi.nlm.nih.gov/nuccore/PP981666,PP981666,Bangladesh,Human,2018,oronasopharynx,,,True
PP981667,NiV/human/BGD/RS0384019/2019,2/20/2019,2024-07-12,2024-07-12,Asia,Bangladesh,,18077,Homo sapiens,False,,Rahman et al.,"Rahman,M.M.,Miah,M.,Rahman,S.,Rahman,D.I.,Rahman,M.W.,Hossain,M.E.,Satter,S.M.,Klena,J.D.,Shirin,T.,Montgomery,J.M.,Rahman,M.Z.","icddr, b, One Health Laboratory",Bangladesh,oronasopharynx,https://www.ncbi.nlm.nih.gov/nuccore/PP981667,PP981667,Bangladesh,Human,2019,oronasopharynx,,,True
PP981668,NiV/human/BGD/CMH/2020,1/4/2020,2024-07-12,2024-07-12,Asia,Bangladesh,,18077,Homo sapiens,False,,Rahman et al.,"Rahman,M.M.,Miah,M.,Rahman,S.,Rahman,D.I.,Rahman,M.W.,Hossain,M.E.,Satter,S.M.,Klena,J.D.,Shirin,T.,Montgomery,J.M.,Rahman,M.Z.","icddr, b, One Health Laboratory",Bangladesh,lung,https://www.ncbi.nlm.nih.gov/nuccore/PP981668,PP981668,Bangladesh,Human,2020,lung,,,True
PP981669,NiV/human/BGD/FP0218120/2020,1/5/2020,2024-07-12,2024-07-12,Asia,Bangladesh,Faridpur,18077,Homo sapiens,False,,Rahman et al.,"Rahman,M.M.,Miah,M.,Rahman,S.,Rahman,D.I.,Rahman,M.W.,Hossain,M.E.,Satter,S.M.,Klena,J.D.,Shirin,T.,Montgomery,J.M.,Rahman,M.Z.","icddr, b, One Health Laboratory",Bangladesh,oronasopharynx,https://www.ncbi.nlm.nih.gov/nuccore/PP981669,PP981669,Bangladesh,Human,2020,oronasopharynx,,,True
PP981670,NiV/human/BGD/ID-01/2020,1/20/2020,2024-07-12,2024-07-12,Asia,Bangladesh,Faridpur,18077,Homo sapiens,False,,Rahman et al.,"Rahman,M.M.,Miah,M.,Rahman,S.,Rahman,D.I.,Rahman,M.W.,Hossain,M.E.,Satter,S.M.,Klena,J.D.,Shirin,T.,Montgomery,J.M.,Rahman,M.Z.","icddr, b, One Health Laboratory",Bangladesh,oronasopharynx,https://www.ncbi.nlm.nih.gov/nuccore/PP981670,PP981670,Bangladesh,Human,2020,oronasopharynx,,,True
PP981671,NiV/human/BGD/ID-02/2020,1/20/2020,2024-07-12,2024-07-12,Asia,Bangladesh,Faridpur,18077,Homo sapiens,False,,Rahman et al.,"Rahman,M.M.,Miah,M.,Rahman,S.,Rahman,D.I.,Rahman,M.W.,Hossain,M.E.,Satter,S.M.,Klena,J.D.,Shirin,T.,Montgomery,J.M.,Rahman,M.Z.","icddr, b, One Health Laboratory",Bangladesh,oronasopharynx,https://www.ncbi.nlm.nih.gov/nuccore/PP981671,PP981671,Bangladesh,Human,2020,oronasopharynx,,,True
PP981672,NiV/human/BGD/FP0219620/2020,1/25/2020,2024-07-12,2024-07-12,Asia,Bangladesh,Faridpur,18077,Homo sapiens,False,,Rahman et al.,"Rahman,M.M.,Miah,M.,Rahman,S.,Rahman,D.I.,Rahman,M.W.,Hossain,M.E.,Satter,S.M.,Klena,J.D.,Shirin,T.,Montgomery,J.M.,Rahman,M.Z.","icddr, b, One Health Laboratory",Bangladesh,oronasopharynx,https://www.ncbi.nlm.nih.gov/nuccore/PP981672,PP981672,Bangladesh,Human,2020,oronasopharynx,,,True
PP981673,NiV/human/BGD/RS0559122/2022,3/14/2022,2024-07-12,2024-07-12,Asia,Bangladesh,Naogaon (Rajshahi),18077,Homo sapiens,False,,Rahman et al.,"Rahman,M.M.,Miah,M.,Rahman,S.,Rahman,D.I.,Rahman,M.W.,Hossain,M.E.,Satter,S.M.,Klena,J.D.,Shirin,T.,Montgomery,J.M.,Rahman,M.Z.","icddr, b, One Health Laboratory",Bangladesh,oronasopharynx,https://www.ncbi.nlm.nih.gov/nuccore/PP981673,PP981673,Bangladesh,Human,2022,oronasopharynx,,,True
PP981674,NiV/human/BGD/FP0260922/2022,3/16/2022,2024-07-12,2024-07-12,Asia,Bangladesh,Rajbari,18077,Homo sapiens,False,,Rahman et al.,"Rahman,M.M.,Miah,M.,Rahman,S.,Rahman,D.I.,Rahman,M.W.,Hossain,M.E.,Satter,S.M.,Klena,J.D.,Shirin,T.,Montgomery,J.M.,Rahman,M.Z.","icddr, b, One Health Laboratory",Bangladesh,oronasopharynx,https://www.ncbi.nlm.nih.gov/nuccore/PP981674,PP981674,Bangladesh,Human,2022,oronasopharynx,,,True
PP981675,NiV/human/BGD/RS0560822/2022,3/24/2022,2024-07-12,2024-07-12,Asia,Bangladesh,Naogaon (Rajshahi),18096,Homo sapiens,False,,Rahman et al.,"Rahman,M.M.,Miah,M.,Rahman,S.,Rahman,D.I.,Rahman,M.W.,Hossain,M.E.,Satter,S.M.,Klena,J.D.,Shirin,T.,Montgomery,J.M.,Rahman,M.Z.","icddr, b, One Health Laboratory",Bangladesh,oronasopharynx,https://www.ncbi.nlm.nih.gov/nuccore/PP981675,PP981675,Bangladesh,Human,2022,oronasopharynx,,,True
PP981676,NiV/human/BGD/RS0644723/2023,1/3/2023,2024-07-12,2024-07-12,Asia,Bangladesh,,18092,Homo sapiens,False,,Rahman et al.,"Rahman,M.M.,Miah,M.,Rahman,S.,Rahman,D.I.,Rahman,M.W.,Hossain,M.E.,Satter,S.M.,Klena,J.D.,Shirin,T.,Montgomery,J.M.,Rahman,M.Z.","icddr, b, One Health Laboratory",Bangladesh,oronasopharynx,https://www.ncbi.nlm.nih.gov/nuccore/PP981676,PP981676,Bangladesh,Human,2023,oronasopharynx,,,True
PP981677,NiV/human/BGD/NINS00123/2023,1/15/2023,2024-07-12,2024-07-12,Asia,Bangladesh,Naogaon (Rajshahi),18091,Homo sapiens,False,,Rahman et al.,"Rahman,M.M.,Miah,M.,Rahman,S.,Rahman,D.I.,Rahman,M.W.,Hossain,M.E.,Satter,S.M.,Klena,J.D.,Shirin,T.,Montgomery,J.M.,Rahman,M.Z.","icddr, b, One Health Laboratory",Bangladesh,oronasopharynx,https://www.ncbi.nlm.nih.gov/nuccore/PP981677,PP981677,Bangladesh,Human,2023,oronasopharynx,,,True
PP981678,NiV/human/BGD/FP0298523/2023,1/19/2023,2024-07-12,2024-07-12,Asia,Bangladesh,Rajbari,18091,Homo sapiens,False,,Rahman et al.,"Rahman,M.M.,Miah,M.,Rahman,S.,Rahman,D.I.,Rahman,M.W.,Hossain,M.E.,Satter,S.M.,Klena,J.D.,Shirin,T.,Montgomery,J.M.,Rahman,M.Z.","icddr, b, One Health Laboratory",Bangladesh,oronasopharynx,https://www.ncbi.nlm.nih.gov/nuccore/PP981678,PP981678,Bangladesh,Human,2023,oronasopharynx,,,True
PP981679,NiV/human/BGD/FP0298923/2023,1/19/2023,2024-07-12,2024-07-12,Asia,Bangladesh,Rajbari,18107,Homo sapiens,False,,Rahman et al.,"Rahman,M.M.,Miah,M.,Rahman,S.,Rahman,D.I.,Rahman,M.W.,Hossain,M.E.,Satter,S.M.,Klena,J.D.,Shirin,T.,Montgomery,J.M.,Rahman,M.Z.","icddr, b, One Health Laboratory",Bangladesh,oronasopharynx,https://www.ncbi.nlm.nih.gov/nuccore/PP981679,PP981679,Bangladesh,Human,2023,oronasopharynx,,,True
PP981680,NiV/human/BGD/RS0649923/2023,1/22/2023,2024-07-12,2024-07-12,Asia,Bangladesh,Pabna,18088,Homo sapiens,False,,Rahman et al.,"Rahman,M.M.,Miah,M.,Rahman,S.,Rahman,D.I.,Rahman,M.W.,Hossain,M.E.,Satter,S.M.,Klena,J.D.,Shirin,T.,Montgomery,J.M.,Rahman,M.Z.","icddr, b, One Health Laboratory",Bangladesh,oronasopharynx,https://www.ncbi.nlm.nih.gov/nuccore/PP981680,PP981680,Bangladesh,Human,2023,oronasopharynx,,,True
PP981681,NiV/human/BGD/FP0300923/2023,1/28/2023,2024-07-12,2024-07-12,Asia,Bangladesh,Rajbari,18090,Homo sapiens,False,,Rahman et al.,"Rahman,M.M.,Miah,M.,Rahman,S.,Rahman,D.I.,Rahman,M.W.,Hossain,M.E.,Satter,S.M.,Klena,J.D.,Shirin,T.,Montgomery,J.M.,Rahman,M.Z.","icddr, b, One Health Laboratory",Bangladesh,oronasopharynx,https://www.ncbi.nlm.nih.gov/nuccore/PP981681,PP981681,Bangladesh,Human,2023,oronasopharynx,,,True
PP981682,NiV/human/BGD/RS0652823/2023,1/29/2023,2024-07-12,2024-07-12,Asia,Bangladesh,Natore,18090,Homo sapiens,False,,Rahman et al.,"Rahman,M.M.,Miah,M.,Rahman,S.,Rahman,D.I.,Rahman,M.W.,Hossain,M.E.,Satter,S.M.,Klena,J.D.,Shirin,T.,Montgomery,J.M.,Rahman,M.Z.","icddr, b, One Health Laboratory",Bangladesh,blood,https://www.ncbi.nlm.nih.gov/nuccore/PP981682,PP981682,Bangladesh,Human,2023,blood,,,True
PP981683,NiV/human/BGD/FP0302023/2023,1/30/2023,2024-07-12,2024-07-12,Asia,Bangladesh,Rajbari,18090,Homo sapiens,False,,Rahman et al.,"Rahman,M.M.,Miah,M.,Rahman,S.,Rahman,D.I.,Rahman,M.W.,Hossain,M.E.,Satter,S.M.,Klena,J.D.,Shirin,T.,Montgomery,J.M.,Rahman,M.Z.","icddr, b, One Health Laboratory",Bangladesh,oronasopharynx,https://www.ncbi.nlm.nih.gov/nuccore/PP981683,PP981683,Bangladesh,Human,2023,oronasopharynx,,,True
PP981684,NiV/human/BGD/DMCH00523/2023,2/12/2023,2024-07-12,2024-07-12,Asia,Bangladesh,,18087,Homo sapiens,False,,Rahman et al.,"Rahman,M.M.,Miah,M.,Rahman,S.,Rahman,D.I.,Rahman,M.W.,Hossain,M.E.,Satter,S.M.,Klena,J.D.,Shirin,T.,Montgomery,J.M.,Rahman,M.Z.","icddr, b, One Health Laboratory",Bangladesh,oronasopharynx,https://www.ncbi.nlm.nih.gov/nuccore/PP981684,PP981684,Bangladesh,Human,2023,oronasopharynx,,,True
PQ368168,NiV/human/BGD/NINS00123U/2023,1/22/2023,2024-11-09,2024-11-09,Asia,Bangladesh,Naogaon (Rajshahi),18090,Homo sapiens,False,,Rahman et al.,"Rahman,M.M.,Miah,M.,Hossain,M.E.,Satter,S.M.,Klena,J.D.,Shirin,T.,Montgomery,J.M.,Rahman,D.I.,Rahman,S.,Rahman,M.W.,Rahman,M.Z.","Icddr, B, One Health Laboratory",Bangladesh,urine,https://www.ncbi.nlm.nih.gov/nuccore/PQ368168,PQ368168,Bangladesh,Human,2023,urine,,,True
PQ368169,NiV/human/BGD/FP0300923BM/2023,2/1/2023,2024-11-09,2024-11-09,Asia,Bangladesh,Rajbari,18107,Homo sapiens,False,,Rahman et al.,"Rahman,M.M.,Miah,M.,Hossain,M.E.,Satter,S.M.,Klena,J.D.,Shirin,T.,Montgomery,J.M.,Rahman,D.I.,Rahman,S.,Rahman,M.W.,Rahman,M.Z.","Icddr, B, One Health Laboratory",Bangladesh,mammalian milk,https://www.ncbi.nlm.nih.gov/nuccore/PQ368169,PQ368169,Bangladesh,Human,2023,mammalian milk,,,True
PQ368170,NiV/Bat/BGD/J106/2012,1/28/2012,2024-11-09,2024-11-09,Asia,Bangladesh,Joypurhat,18090,Chiroptera,False,,Rahman et al.,"Rahman,M.M.,Miah,M.,Hossain,M.E.,Satter,S.M.,Klena,J.D.,Shirin,T.,Montgomery,J.M.,Rahman,D.I.,Rahman,S.,Rahman,M.W.,Rahman,M.Z.","Icddr, B, One Health Laboratory",Bangladesh,,https://www.ncbi.nlm.nih.gov/nuccore/PQ368170,PQ368170,Bangladesh,Bat,2012,Unknown,,,True
PQ463988,NiV_M_IRF523,1998-XX-XX,2024-11-09,2024-11-09,Asia,Malaysia,,18131,Homo sapiens,True,,Peng et al.,"Peng,L.,Hirsch,S.,Kocher,G.,Mehta,M.,Holbrook,M.","NIH/NIAID, IRF",USA,,https://www.ncbi.nlm.nih.gov/nuccore/PQ463988,PQ463988,Malaysia,Human,1998,Unknown,,,True
PV132706,NiV/human/BGD/DMCH00124/2024,1/30/2024,2025-03-12,2025-03-12,Asia,Bangladesh,Shariatpur,18133,Homo sapiens,False,,Rahman et al.,"Rahman,M.M.,Rahim,S.,Rahman,S.,Hossain,M.E.,Rahman,D.I.,Rahman,M.W.,Satter,S.M.,Klena,J.D.,Shirin,T.,Montgomery,J.M.,Rahman,M.Z.","ICDDR, B, One Health Laboratory",Bangladesh,oronasopharynx,https://www.ncbi.nlm.nih.gov/nuccore/PV132706,PV132706,Bangladesh,Human,2024,oronasopharynx,,,True
PV132707,NiV/human/BGD/PMSKH0000424/2024,3/17/2024,2025-03-12,2025-03-12,Asia,Bangladesh,,18128,Homo sapiens,False,,Rahman et al.,"Rahman,M.M.,Rahim,S.,Rahman,S.,Hossain,M.E.,Rahman,D.I.,Rahman,M.W.,Satter,S.M.,Klena,J.D.,Shirin,T.,Montgomery,J.M.,Rahman,M.Z.","ICDDR, B, One Health Laboratory",Bangladesh,oronasopharynx,https://www.ncbi.nlm.nih.gov/nuccore/PV132707,PV132707,Bangladesh,Human,2024,oronasopharynx,,,True
PV640869,MCL-25-H-2892,2025-05-XX,2025-11-30,2025-11-30,Asia,India,,18168,Homo sapiens,False,,Yadav et al.,"Yadav,P.D.","National Institute of Virology, Maximum Containment Laboratory",India,,https://www.ncbi.nlm.nih.gov/nuccore/PV640869,PV640869,India,Human,2025,Unknown,,,True
PV892943,810398,XXXX-XX-XX,2025-07-23,2025-07-23,Asia,Bangladesh,,18096,,False,,Mehta et al.,"Mehta,M.,Peng,L.,Kocher,G.,Holbrook,M.,Hirsch,S.","NIAID, NIH, Integrated Research Facility",USA,,https://www.ncbi.nlm.nih.gov/nuccore/PV892943,PV892943,Bangladesh,Unknown,,Unknown,,,True
PX130164,NiV/human/BGD/RS0825725/2025,1/28/2025,2025-08-24,2025-08-24,Asia,Bangladesh,Pabna,18126,Homo sapiens,False,,Rahman et al.,"Rahman,M.M.,Rahim,S.,Rahman,S.,Hossain,M.E.,Rahman,D.I.,Rahman,M.W.,Satter,S.M.,Klena,J.D.,Shirin,T.,Montgomery,J.M.,Rahman,M.Z.","icddr, b, One Health Laboratory",Bangladesh,blood,https://www.ncbi.nlm.nih.gov/nuccore/PX130164,PX130164,Bangladesh,Human,2025,blood,,,True
PX130165,NiV/human/BGD/SB0200425/2025,2/20/2025,2025-08-24,2025-08-24,Asia,Bangladesh,Bhola,18128,Homo sapiens,False,,Rahman et al.,"Rahman,M.M.,Rahim,S.,Rahman,S.,Hossain,M.E.,Rahman,D.I.,Rahman,M.W.,Satter,S.M.,Klena,J.D.,Shirin,T.,Montgomery,J.M.,Rahman,M.Z.","icddr, b, One Health Laboratory",Bangladesh,oronasopharynx,https://www.ncbi.nlm.nih.gov/nuccore/PX130165,PX130165,Bangladesh,Human,2025,oronasopharynx,,,True
PX130166,NiV/human/BGD/FP0372425/2025,2/25/2025,2025-08-24,2025-08-24,Asia,Bangladesh,Chuadanga,18124,Homo sapiens,False,,Rahman et al.,"Rahman,M.M.,Rahim,S.,Rahman,S.,Hossain,M.E.,Rahman,D.I.,Rahman,M.W.,Satter,S.M.,Klena,J.D.,Shirin,T.,Montgomery,J.M.,Rahman,M.Z.","icddr, b, One Health Laboratory",Bangladesh,oronasopharynx,https://www.ncbi.nlm.nih.gov/nuccore/PX130166,PX130166,Bangladesh,Human,2025,oronasopharynx,,,True
