Accessions,accession_base,country_clean,host_clean,year,length,sample_type_clean,keep_for_main_country_tree,exact_duplicate_of,analysis_note
AF212302,AF212302,Unknown,Unknown,,18246,Unknown,False,exact_duplicate_of_NC_002728,
AJ564621,AJ564621,Malaysia,Unknown,,18246,Unknown,True,,
AJ564622,AJ564622,Malaysia,Unknown,,18246,Unknown,True,,
AJ564623,AJ564623,Malaysia,Unknown,,18246,Unknown,True,,
AJ627196,AJ627196,Malaysia,Pig,,18246,Unknown,True,,
AY029767,AY029767,Malaysia,Unknown,,18246,Unknown,True,,
AY029768,AY029768,Malaysia,Unknown,,18246,Unknown,True,,
AY988601,AY988601,Bangladesh,Human,2004.0,18252,Unknown,True,,
FJ513078,FJ513078,India,Human,2007.0,18252,lung,True,,
JN808857,JN808857,Bangladesh,Human,2008.0,18252,oronasopharynx,True,,
JN808863,JN808863,Bangladesh,Human,2008.0,18252,oronasopharynx,False,exact_duplicate_of_JN808857,
JN808864,JN808864,Bangladesh,Human,2010.0,18167,oronasopharynx,True,,
KY425646,KY425646,Malaysia,Human,1999.0,18212,Unknown,True,,
KY425655,KY425655,Malaysia,Human,1999.0,18214,Unknown,True,,
MH396625,MH396625,India,Human,2018.0,18210,oronasopharynx,True,,
MH523640,MH523640,India,Human,2018.0,18132,lung,True,,
MH523641,MH523641,India,Human,2018.0,18027,oronasopharynx,True,,
MH523642,MH523642,India,Human,2018.0,18242,oronasopharynx,True,,
MK336155,MK336155,India,Human,2018.0,18211,oronasopharynx,True,,
MK336156,MK336156,India,Human,2018.0,18233,oronasopharynx,True,,
MK575060,MK575060,Bangladesh,Bat,2013.0,18234,urine,True,,
MK575061,MK575061,Bangladesh,Bat,2013.0,18234,urine,True,,
MK575062,MK575062,Bangladesh,Bat,2013.0,18234,urine,True,,
MK575063,MK575063,Bangladesh,Bat,2013.0,18227,urine,True,,
MK575064,MK575064,Bangladesh,Bat,2013.0,18234,urine,True,,
MK575065,MK575065,Bangladesh,Bat,2013.0,18234,urine,True,,
MK575066,MK575066,Bangladesh,Bat,2013.0,18234,urine,True,,
MK575067,MK575067,Bangladesh,Bat,2013.0,18234,urine,True,,
MK575068,MK575068,Bangladesh,Bat,2013.0,18234,urine,True,,
MK575069,MK575069,Bangladesh,Bat,2013.0,18234,urine,True,,
MK575070,MK575070,Bangladesh,Bat,2013.0,18234,urine,True,,
MK673558,MK673558,Malaysia,Pig,1999.0,18234,Unknown,True,,
MK673559,MK673559,Malaysia,Pig,1999.0,18231,Unknown,True,,
MK673560,MK673560,Malaysia,Pig,1999.0,18231,Unknown,True,,
MK673561,MK673561,Malaysia,Pig,1999.0,18231,Unknown,False,exact_duplicate_of_MK673560,
MK673562,MK673562,Malaysia,Human,1999.0,18231,Unknown,True,,
MK673563,MK673563,Malaysia,Dog,1999.0,18231,Unknown,True,,
MK673564,MK673564,Bangladesh,Human,2004.0,18240,oronasopharynx,True,,
MK673565,MK673565,Bangladesh,Human,2004.0,18235,cerebrospinal fluid,True,,
MK673566,MK673566,Bangladesh,Human,2004.0,18240,urine,True,,
MK673567,MK673567,Bangladesh,Human,2004.0,18245,oronasopharynx,True,,
MK673568,MK673568,Bangladesh,Human,2008.0,18237,oronasopharynx,True,,
MK673570,MK673570,Bangladesh,Human,2011.0,18231,oronasopharynx,True,,
MK673571,MK673571,Bangladesh,Human,2011.0,18240,oronasopharynx,True,,
MK673572,MK673572,Bangladesh,Human,2011.0,18105,oronasopharynx,True,,
MK673573,MK673573,Bangladesh,Human,2011.0,18236,oronasopharynx,True,,
MK673574,MK673574,Bangladesh,Human,2011.0,18205,oronasopharynx,True,,
MK673575,MK673575,Bangladesh,Human,2011.0,18238,oronasopharynx,True,,
MK673576,MK673576,Bangladesh,Human,2011.0,18237,oronasopharynx,True,,
MK673577,MK673577,Bangladesh,Human,2011.0,18219,blood,True,,
MK673578,MK673578,Bangladesh,Human,2011.0,18235,blood,True,,
MK673579,MK673579,Bangladesh,Human,2012.0,18223,oronasopharynx,True,,
MK673580,MK673580,Bangladesh,Human,2012.0,18234,oronasopharynx,True,,
MK673581,MK673581,Bangladesh,Human,2012.0,18235,oronasopharynx,True,,
MK673582,MK673582,Bangladesh,Human,2012.0,18237,oronasopharynx,True,,
MK673583,MK673583,Bangladesh,Human,2013.0,18197,oronasopharynx,True,,
MK673584,MK673584,Bangladesh,Human,2015.0,18229,oronasopharynx,True,,
MK673585,MK673585,Bangladesh,Human,2015.0,18245,oronasopharynx,True,,
MK673586,MK673586,Bangladesh,Human,2015.0,18165,oronasopharynx,True,,
MK673587,MK673587,Bangladesh,Human,2015.0,18170,oronasopharynx,True,,
MK673588,MK673588,Bangladesh,Human,2015.0,18119,oronasopharynx,True,,
MK673589,MK673589,Bangladesh,Human,2014.0,18215,oronasopharynx,True,,
MK673590,MK673590,Bangladesh,Human,2014.0,18208,oronasopharynx,True,,
MK673591,MK673591,Bangladesh,Human,2014.0,18157,oronasopharynx,True,,
MK673592,MK673592,Bangladesh,Human,2014.0,18234,oronasopharynx,True,,
MK801755,MK801755,Cambodia,Bat,2003.0,18246,Unknown,True,,
MN549402,MN549402,India,Bat,2019.0,18132,"kidney, abdominal cavity",True,,
MN549403,MN549403,India,Bat,2019.0,18131,brain,True,,
MN549404,MN549404,India,Bat,2019.0,18130,heart,True,,
MN549405,MN549405,India,Bat,2019.0,18125,"feces, abdominal cavity",True,,
MN549406,MN549406,India,Bat,2019.0,18132,Unknown,True,,
MN549407,MN549407,India,Bat,2019.0,17813,heart,True,,
MN549408,MN549408,India,Bat,2019.0,18131,lung,True,,
MN549409,MN549409,India,Bat,2019.0,18172,Unknown,True,,
MN549410,MN549410,India,Bat,2019.0,17815,Unknown,True,,
MN549411,MN549411,India,Bat,2019.0,18124,lung,True,,
MW535746,MW535746,Thailand,Bat,2017.0,18236,urine,True,,
NC_002728,NC_002728,Unknown,Unknown,,18246,Unknown,True,,
OK572974,OK572974,Unknown,Unknown,,18769,Unknown,True,,
OK573014,OK573014,USA,Unknown,,18142,Unknown,True,,
OM135495,OM135495,India,Human,2021.0,18005,Unknown,True,,
OR130496,OR130496,India,Human,2019.0,18124,Unknown,True,,
OR820506,OR820506,India,Human,2023.0,18221,oronasopharynx,True,,
OR820507,OR820507,India,Human,2023.0,18150,oronasopharynx,True,,
OR820508,OR820508,India,Human,2023.0,18190,oronasopharynx,True,,
PP554503,PP554503,India,Bat,2023.0,18181,Unknown,True,,
PP554504,PP554504,India,Bat,2023.0,18164,"spleen, abdominal cavity",True,,
PP893186,PP893186,Sri Lanka,Bat,2018.0,18017,urine,True,,
PP893188,PP893188,Sri Lanka,Bat,2019.0,17952,urine,True,,
PP981664,PP981664,Bangladesh,Human,2017.0,18077,oronasopharynx,True,,
PP981665,PP981665,Bangladesh,Human,2017.0,18077,oronasopharynx,True,,
PP981666,PP981666,Bangladesh,Human,2018.0,18077,oronasopharynx,True,,
PP981667,PP981667,Bangladesh,Human,2019.0,18077,oronasopharynx,True,,
PP981668,PP981668,Bangladesh,Human,2020.0,18077,lung,True,,
PP981669,PP981669,Bangladesh,Human,2020.0,18077,oronasopharynx,True,,
PP981670,PP981670,Bangladesh,Human,2020.0,18077,oronasopharynx,True,,
PP981671,PP981671,Bangladesh,Human,2020.0,18077,oronasopharynx,True,,
PP981672,PP981672,Bangladesh,Human,2020.0,18077,oronasopharynx,True,,
PP981673,PP981673,Bangladesh,Human,2022.0,18077,oronasopharynx,True,,
PP981674,PP981674,Bangladesh,Human,2022.0,18077,oronasopharynx,True,,
PP981675,PP981675,Bangladesh,Human,2022.0,18096,oronasopharynx,True,,
PP981676,PP981676,Bangladesh,Human,2023.0,18092,oronasopharynx,True,,
PP981677,PP981677,Bangladesh,Human,2023.0,18091,oronasopharynx,True,,
PP981678,PP981678,Bangladesh,Human,2023.0,18091,oronasopharynx,True,,
PP981679,PP981679,Bangladesh,Human,2023.0,18107,oronasopharynx,True,,
PP981680,PP981680,Bangladesh,Human,2023.0,18088,oronasopharynx,True,,
PP981681,PP981681,Bangladesh,Human,2023.0,18090,oronasopharynx,True,,
PP981682,PP981682,Bangladesh,Human,2023.0,18090,blood,True,,
PP981683,PP981683,Bangladesh,Human,2023.0,18090,oronasopharynx,True,,
PP981684,PP981684,Bangladesh,Human,2023.0,18087,oronasopharynx,True,,
PQ368168,PQ368168,Bangladesh,Human,2023.0,18090,urine,True,,
PQ368169,PQ368169,Bangladesh,Human,2023.0,18107,mammalian milk,True,,
PQ368170,PQ368170,Bangladesh,Bat,2012.0,18090,Unknown,True,,
PQ463988,PQ463988,Malaysia,Human,1998.0,18131,Unknown,True,,
PV132706,PV132706,Bangladesh,Human,2024.0,18133,oronasopharynx,True,,
PV132707,PV132707,Bangladesh,Human,2024.0,18128,oronasopharynx,True,,
PV640869,PV640869,India,Human,2025.0,18168,Unknown,True,,
PV892943,PV892943,Bangladesh,Unknown,,18096,Unknown,True,,
PX130164,PX130164,Bangladesh,Human,2025.0,18126,blood,True,,
PX130165,PX130165,Bangladesh,Human,2025.0,18128,oronasopharynx,True,,
PX130166,PX130166,Bangladesh,Human,2025.0,18124,oronasopharynx,True,,
